ticker,name,aliases
ORCL,ORACLE CORP,ORACLE|ORACLE CORP|ORCL|Oracle|Oracle Corp
MSFT,MICROSOFT CORP,MICROSOFT|MICROSOFT CORP|MSFT|Microsoft|Microsoft Corp
TROW,T ROWE PRICE GROUP INC,T ROWE PRICE GROUP|T ROWE PRICE GROUP INC|T Rowe Price Group|T Rowe Price Group Inc|TROW
HON,HONEYWELL INTERNATIONAL INC,HON|HONEYWELL INTERNATIONAL|HONEYWELL INTERNATIONAL INC|Honeywell International|Honeywell International Inc
ADM,ARCHER DANIELS MIDLAND CO,ADM|ARCHER DANIELS MIDLAND|ARCHER DANIELS MIDLAND CO|Archer Daniels Midland|Archer Daniels Midland Co
FISV,FISERV INC,FISERV|FISERV INC|FISV|Fiserv|Fiserv Inc
KO,COCA COLA CO,COCA COLA CO|COCALA|Coca Cola Co|Cocala|KO
CDNS,CADENCE DESIGN SYSTEMS INC,CADENCE DESIGN SYSTEMS|CADENCE DESIGN SYSTEMS INC|CDNS|Cadence Design Systems|Cadence Design Systems Inc
ED,CONSOLIDATED EDISON INC,CONSOLIDATED EDISON|CONSOLIDATED EDISON INC|Consolidated Edison|Consolidated Edison Inc|ED
XRAY,DENTSPLY SIRONA INC,DENTSPLY SIRONA|DENTSPLY SIRONA INC|Dentsply Sirona|Dentsply Sirona Inc|XRAY
FAST,FASTENAL CO,FAST|FASTENAL|FASTENAL CO|Fastenal|Fastenal Co
DTE,D T E ENERGY CO,D T E ENERGY|D T E ENERGY CO|D T E Energy|D T E Energy Co|DTE
ETN,EATON CORP PLC,EATON CORP PLC|ETN|Eaton Corp Plc
SIVB,S V B FINANCIAL GROUP,S V B FINANCIAL GROUP|S V B Financial Group|SIVB
XOM,EXXON MOBIL CORP,EXXON MOBIL|EXXON MOBIL CORP|Exxon Mobil|Exxon Mobil Corp|XOM
MGM,M G M RESORTS INTERNATIONAL,M G M RESORTS INTERNATIONAL|M G M Resorts International|MGM
WM,WASTE MANAGEMENT INC DEL,WASTE MANAGEMENT INC DEL|WM|Waste Management Inc Del
GD,GENERAL DYNAMICS CORP,GD|GENERAL DYNAMICS|GENERAL DYNAMICS CORP|General Dynamics|General Dynamics Corp
GE,GENERAL ELECTRIC CO,GE|GENERAL ELECTRIC|GENERAL ELECTRIC CO|General Electric|General Electric Co
LH,LABORATORY CORP AMERICA HLDGS,LABORATORY CORP AMERICA HLDGS|LH|Laboratory Corp America Hldgs
NXPI,N X P SEMICONDUCTORS N V,N X P SEMICONDUCTORS N V|N X P Semiconductors N V|NXPI
CHTR,CHARTER COMMUNICATIONS INC NEW,CHARTER COMMUNICATIONS INC NEW|CHTR|Charter Communications Inc New
LYB,LYONDELLBASELL INDUSTRIES N V,LYB|LYONDELLBASELL INDUSTRIES N V|Lyondellbasell Industries N V
GM,GENERAL MOTORS CO,GENERAL MOTORS|GENERAL MOTORS CO|GM|General Motors|General Motors Co
TT,TRANE TECHNOLOGIES PLC,TRANE TECHNOLOGIES PLC|TT|Trane Technologies Plc
FRC,FIRST REPUBLIC BANK S F NEW,FIRST REPUBLIC BANK S F NEW|FRC|First Republic Bank S F New
FLT,FLEETCOR TECHNOLOGIES INC,FLEETCOR TECHNOLOGIES|FLEETCOR TECHNOLOGIES INC|FLT|Fleetcor Technologies|Fleetcor Technologies Inc
TRGP,TARGA RESOURCES CORP,TARGA RESOURCES|TARGA RESOURCES CORP|TRGP|Targa Resources|Targa Resources Corp
IBM,INTERNATIONAL BUSINESS MACHS COR,IBM|INTERNATIONAL BUSINESS MACHS COR|International Business Machs Cor
KMI,KINDER MORGAN INC,KINDER MORGAN|KINDER MORGAN INC|KMI|Kinder Morgan|Kinder Morgan Inc
HCA,H C A HEALTHCARE INC,H C A HEALTHCARE|H C A HEALTHCARE INC|H C A Healthcare|H C A Healthcare Inc|HCA
HII,HUNTINGTON INGALLS INDS INC,HII|HUNTINGTON INGALLS INDS|HUNTINGTON INGALLS INDS INC|Huntington Ingalls Inds|Huntington Ingalls Inds Inc
MPC,MARATHON PETROLEUM CORP,MARATHON PETROLEUM|MARATHON PETROLEUM CORP|MPC|Marathon Petroleum|Marathon Petroleum Corp
XYL,XYLEM INC,XYL|XYLEM|XYLEM INC|Xylem|Xylem Inc
APTV,APTIV PLC,APTIV PLC|APTV|Aptiv Plc
EPAM,EPAM SYSTEMS INC,EPAM|EPAM SYSTEMS|EPAM SYSTEMS INC|Epam Systems|Epam Systems Inc
ENPH,ENPHASE ENERGY INC,ENPH|ENPHASE ENERGY|ENPHASE ENERGY INC|Enphase Energy|Enphase Energy Inc
PSX,PHILLIPS 66,PHILLIPS 66|PSX|Phillips 66
META,META PLATFORMS INC,META|META PLATFORMS|META PLATFORMS INC|Meta Platforms|Meta Platforms Inc
NOW,SERVICENOW INC,NOW|SERVICENOW|SERVICENOW INC|Servicenow|Servicenow Inc
PNR,PENTAIR PLC,PENTAIR PLC|PNR|Pentair Plc
FANG,DIAMONDBACK ENERGY INC,DIAMONDBACK ENERGY|DIAMONDBACK ENERGY INC|Diamondback Energy|Diamondback Energy Inc|FANG
PCG,P G & E CORP,P G & E|P G & E CORP|P G & E Corp|PCG
ABBV,ABBVIE INC,ABBV|ABBVIE|ABBVIE INC|Abbvie|Abbvie Inc
NCLH,NORWEGIAN CRUISE LINE HLDGS LTD,NCLH|NORWEGIAN CRUISE LINE HLDGS LTD|Norwegian Cruise Line Hldgs Ltd
ZTS,ZOETIS INC,ZOETIS|ZOETIS INC|ZTS|Zoetis|Zoetis Inc
PEP,PEPSICO INC,PEP|PEPSICO|PEPSICO INC|Pepsico|Pepsico Inc
MO,ALTRIA GROUP INC,ALTRIA GROUP|ALTRIA GROUP INC|Altria Group|Altria Group Inc|MO
IQV,IQVIA HOLDINGS INC,IQV|IQVIA HOLDINGS|IQVIA HOLDINGS INC|Iqvia Holdings|Iqvia Holdings Inc
COP,CONOCOPHILLIPS,CONOCOPHILLIPS|COP|Conocophillips
CDW,C D W CORP NEW,C D W CORP NEW|C D W Corp New|CDW
NWSA,NEWS CORP NEW,NEWS CORP NEW|NWSA|News Corp New
NWS,NEWS CORP NEW,NEWS CORP NEW|NWS|News Corp New
AMGN,AMGEN INC,AMGEN|AMGEN INC|AMGN|Amgen|Amgen Inc
SLB,SCHLUMBERGER LTD,SCHLUMBERGER LTD|SLB|Schlumberger Ltd
ALLE,ALLEGION PLC,ALLE|ALLEGION PLC|Allegion Plc
HLT,HILTON WORLDWIDE HOLDINGS INC,HILTON WORLDWIDE HOLDINGS|HILTON WORLDWIDE HOLDINGS INC|HLT|Hilton Worldwide Holdings|Hilton Worldwide Holdings Inc
CVX,CHEVRON CORP NEW,CHEVRON CORP NEW|CVX|Chevron Corp New
GOOG,ALPHABET INC,ALPHABET|ALPHABET INC|Alphabet|Alphabet Inc|GOOG
PAYC,PAYCOM SOFTWARE INC,PAYC|PAYCOM SOFTWARE|PAYCOM SOFTWARE INC|Paycom Software|Paycom Software Inc
AAPL,APPLE INC,AAPL|APPLE|APPLE INC|Apple|Apple Inc
AMAT,APPLIED MATERIALS INC,AMAT|APPLIED MATERIALS|APPLIED MATERIALS INC|Applied Materials|Applied Materials Inc
ANET,ARISTA NETWORKS INC,ANET|ARISTA NETWORKS|ARISTA NETWORKS INC|Arista Networks|Arista Networks Inc
CTLT,CATALENT INC,CATALENT|CATALENT INC|CTLT|Catalent|Catalent Inc
SYF,SYNCHRONY FINANCIAL,SYF|SYNCHRONY FINANCIAL|Synchrony Financial
CZR,CAESARS ENTERTAINMENT INC DE,CAESARS ENTERTAINMENT INC DE|CZR|Caesars Entertainment Inc De
CFG,CITIZENS FINANCIAL GROUP INC,CFG|CITIZENS FINANCIAL GROUP|CITIZENS FINANCIAL GROUP INC|Citizens Financial Group|Citizens Financial Group Inc
KEYS,KEYSIGHT TECHNOLOGIES INC,KEYS|KEYSIGHT TECHNOLOGIES|KEYSIGHT TECHNOLOGIES INC|Keysight Technologies|Keysight Technologies Inc
MRO,MARATHON OIL CORP,MARATHON OIL|MARATHON OIL CORP|MRO|Marathon Oil|Marathon Oil Corp
VMC,VULCAN MATERIALS CO,VMC|VULCAN MATERIALS|VULCAN MATERIALS CO|Vulcan Materials|Vulcan Materials Co
SEDG,SOLAREDGE TECHNOLOGIES INC,SEDG|SOLAREDGE TECHNOLOGIES|SOLAREDGE TECHNOLOGIES INC|Solaredge Technologies|Solaredge Technologies Inc
ETSY,ETSY INC,ETSY|ETSY INC|Etsy|Etsy Inc
KHC,KRAFT HEINZ CO,KHC|KRAFT HEINZ|KRAFT HEINZ CO|Kraft Heinz|Kraft Heinz Co
PYPL,PAYPAL HOLDINGS INC,PAYPAL HOLDINGS|PAYPAL HOLDINGS INC|PYPL|Paypal Holdings|Paypal Holdings Inc
TXN,TEXAS INSTRUMENTS INC,TEXAS INSTRUMENTS|TEXAS INSTRUMENTS INC|TXN|Texas Instruments|Texas Instruments Inc
HPE,HEWLETT PACKARD ENTERPRISE CO,HEWLETT PACKARD ENTERPRISE|HEWLETT PACKARD ENTERPRISE CO|HPE|Hewlett Packard Enterprise|Hewlett Packard Enterprise Co
EIX,EDISON INTERNATIONAL,EDISON INTERNATIONAL|EIX|Edison International
MTCH,MATCH GROUP INC NEW,MATCH GROUP INC NEW|MTCH|Match Group Inc New
FTV,FORTIVE CORP,FORTIVE|FORTIVE CORP|FTV|Fortive|Fortive Corp
LW,LAMB WESTON HOLDINGS INC,LAMB WESTON HOLDINGS|LAMB WESTON HOLDINGS INC|LW|Lamb Weston Holdings|Lamb Weston Holdings Inc
INVH,INVITATION HOMES INC,INVH|INVITATION HOMES|INVITATION HOMES INC|Invitation Homes|Invitation Homes Inc
HSY,HERSHEY CO,HERSHEY|HERSHEY CO|HSY|Hershey|Hershey Co
KR,KROGER CO,KR|KROGER|KROGER CO|Kroger|Kroger Co
IR,INGERSOLL RAND INC,INGERSOLL RAND|INGERSOLL RAND INC|IR|Ingersoll Rand|Ingersoll Rand Inc
DD,DUPONT DE NEMOURS INC,DD|DUPONT DE NEMOURS|DUPONT DE NEMOURS INC|Dupont De Nemours|Dupont De Nemours Inc
CVS,C V S HEALTH CORP,C V S HEALTH|C V S HEALTH CORP|C V S Health|C V S Health Corp|CVS
GIS,GENERAL MILLS INC,GENERAL MILLS|GENERAL MILLS INC|GIS|General Mills|General Mills Inc
VICI,VICI PROPERTIES INC,VICI|VICI PROPERTIES|VICI PROPERTIES INC|Vici Properties|Vici Properties Inc
SPGI,S & P GLOBAL INC,S & P GLOBAL|S & P GLOBAL INC|S & P Global|S & P Global Inc|SPGI
CDAY,CERIDIAN H C M HOLDING INC,CDAY|CERIDIAN H C M HOLDING|CERIDIAN H C M HOLDING INC|Ceridian H C M Holding|Ceridian H C M Holding Inc
WRB,BERKLEY W R CORP,BERKLEY W R|BERKLEY W R CORP|Berkley W R|Berkley W R Corp|WRB
KMB,KIMBERLY CLARK CORP,KIMBERLY CLARK|KIMBERLY CLARK CORP|KMB|Kimberly Clark|Kimberly Clark Corp
RTX,RAYTHEON TECHNOLOGIES CORP,RAYTHEON TECHNOLOGIES|RAYTHEON TECHNOLOGIES CORP|RTX|Raytheon Technologies|Raytheon Technologies Corp
KDP,KEURIG DR PEPPER INC,KDP|KEURIG DR PEPPER|KEURIG DR PEPPER INC|Keurig Dr Pepper|Keurig Dr Pepper Inc
LIN,LINDE PLC,LIN|LINDE PLC|Linde Plc
PG,PROCTER & GAMBLE CO,PG|PROCTER & GAMBLE|PROCTER & GAMBLE CO|Procter & Gamble|Procter & Gamble Co
MRNA,MODERNA INC,MODERNA|MODERNA INC|MRNA|Moderna|Moderna Inc
SO,SOUTHERN CO,SO|SOUTHERN|SOUTHERN CO|Southern|Southern Co
FOXA,FOX CORP,FOX|FOX CORP|FOXA|Fox|Fox Corp
FOX,FOX CORP,FOX|FOX CORP|Fox|Fox Corp
DOW,DOW INC,DOW|DOW INC|Dow|Dow Inc
CAT,CATERPILLAR INC,CAT|CATERPILLAR|CATERPILLAR INC|Caterpillar|Caterpillar Inc
CTVA,CORTEVA INC,CORTEVA|CORTEVA INC|CTVA|Corteva|Corteva Inc
AMCR,AMCOR PLC,AMCOR PLC|AMCR|Amcor Plc
CL,COLGATE PALMOLIVE CO,CL|COLGATE PALMOLIVE|COLGATE PALMOLIVE CO|Colgate Palmolive|Colgate Palmolive Co
FMC,F M C CORP,F M C|F M C CORP|F M C Corp|FMC
CARR,CARRIER GLOBAL CORP,CARR|CARRIER GLOBAL|CARRIER GLOBAL CORP|Carrier Global|Carrier Global Corp
OTIS,OTIS WORLDWIDE CORP,OTIS|OTIS WORLDWIDE|OTIS WORLDWIDE CORP|Otis Worldwide|Otis Worldwide Corp
DE,DEERE & CO,DE|DEERE &|DEERE & CO|Deere &|Deere & Co
BMY,BRISTOL MYERS SQUIBB CO,BMY|BRISTOL MYERS SQUIBB|BRISTOL MYERS SQUIBB CO|Bristol Myers Squibb|Bristol Myers Squibb Co
WBA,WALGREENS BOOTS ALLIANCE INC,WALGREENS BOOTS ALLIANCE|WALGREENS BOOTS ALLIANCE INC|WBA|Walgreens Boots Alliance|Walgreens Boots Alliance Inc
BA,BOEING CO,BA|BOEING|BOEING CO|Boeing|Boeing Co
IVZ,INVESCO LTD,INVESCO LTD|IVZ|Invesco Ltd
VTRS,VIATRIS INC,VIATRIS|VIATRIS INC|VTRS|Viatris|Viatris Inc
ABT,ABBOTT LABORATORIES,ABBOTT LABORATORIES|ABT|Abbott Laboratories
AAL,AMERICAN AIRLINES GROUP INC,AAL|AMERICAN AIRLINES GROUP|AMERICAN AIRLINES GROUP INC|American Airlines Group|American Airlines Group Inc
OGN,ORGANON & CO,OGN|ORGANON &|ORGANON & CO|Organon &|Organon & Co
LMT,LOCKHEED MARTIN CORP,LMT|LOCKHEED MARTIN|LOCKHEED MARTIN CORP|Lockheed Martin|Lockheed Martin Corp
WRK,WESTROCK CO,WESTROCK|WESTROCK CO|WRK|Westrock|Westrock Co
NEM,NEWMONT CORP,NEM|NEWMONT|NEWMONT CORP|Newmont|Newmont Corp
CAH,CARDINAL HEALTH INC,CAH|CARDINAL HEALTH|CARDINAL HEALTH INC|Cardinal Health|Cardinal Health Inc
IP,INTERNATIONAL PAPER CO,INTERNATIONAL PAPER|INTERNATIONAL PAPER CO|IP|International Paper|International Paper Co
EXC,EXELON CORP,EXC|EXELON|EXELON CORP|Exelon|Exelon Corp
CNP,CENTERPOINT ENERGY INC,CENTERPOINT ENERGY|CENTERPOINT ENERGY INC|CNP|Centerpoint Energy|Centerpoint Energy Inc
PFE,PFIZER INC,PFE|PFIZER|PFIZER INC|Pfizer|Pfizer Inc
EMR,EMERSON ELECTRIC CO,EMERSON ELECTRIC|EMERSON ELECTRIC CO|EMR|Emerson Electric|Emerson Electric Co
JNJ,JOHNSON & JOHNSON,JNJ|JOHNSON & JOHNSON|Johnson & Johnson
GLW,CORNING INC,CORNING|CORNING INC|Corning|Corning Inc|GLW
PPG,P P G INDUSTRIES INC,P P G INDUSTRIES|P P G INDUSTRIES INC|P P G Industries|P P G Industries Inc|PPG
PPL,P P L CORP,P P L|P P L CORP|P P L Corp|PPL
MMM,3M CO,3M|3M CO|3M Co|MMM
CEG,CONSTELLATION ENERGY CORP,CEG|CONSTELLATION ENERGY|CONSTELLATION ENERGY CORP|Constellation Energy|Constellation Energy Corp
MRK,MERCK & CO INC NEW,MERCK & CO INC NEW|MRK|Merck & Co Inc New
MSI,MOTOROLA SOLUTIONS INC,MOTOROLA SOLUTIONS|MOTOROLA SOLUTIONS INC|MSI|Motorola Solutions|Motorola Solutions Inc
WBD,WARNER BROS DISCOVERY INC,WARNER BROS DISCOVERY|WARNER BROS DISCOVERY INC|WBD|Warner Bros Discovery|Warner Bros Discovery Inc
FE,FIRSTENERGY CORP,FE|FIRSTENERGY|FIRSTENERGY CORP|Firstenergy|Firstenergy Corp
CMS,C M S ENERGY CORP,C M S ENERGY|C M S ENERGY CORP|C M S Energy|C M S Energy Corp|CMS
CHD,CHURCH & DWIGHT INC,CHD|CHURCH & DWIGHT|CHURCH & DWIGHT INC|Church & Dwight|Church & Dwight Inc
CINF,CINCINNATI FINANCIAL CORP,CINCINNATI FINANCIAL|CINCINNATI FINANCIAL CORP|CINF|Cincinnati Financial|Cincinnati Financial Corp
WEC,W E C ENERGY GROUP INC,W E C ENERGY GROUP|W E C ENERGY GROUP INC|W E C Energy Group|W E C Energy Group Inc|WEC
TXT,TEXTRON INC,TEXTRON|TEXTRON INC|TXT|Textron|Textron Inc
CTAS,CINTAS CORP,CINTAS|CINTAS CORP|CTAS|Cintas|Cintas Corp
PEG,PUBLIC SERVICE ENTERPRISE GP INC,PEG|PUBLIC SERVICE ENTERPRISE GP|PUBLIC SERVICE ENTERPRISE GP INC|Public Service Enterprise Gp|Public Service Enterprise Gp Inc
HAL,HALLIBURTON CO,HAL|HALLIBURTON|HALLIBURTON CO|Halliburton|Halliburton Co
XEL,X C E L ENERGY INC,X C E L ENERGY|X C E L ENERGY INC|X C E L Energy|X C E L Energy Inc|XEL
ETR,ENTERGY CORP NEW,ENTERGY CORP NEW|ETR|Entergy Corp New
EVRG,EVERGY INC,EVERGY|EVERGY INC|EVRG|Evergy|Evergy Inc
AEP,AMERICAN ELECTRIC POWER CO INC,AEP|AMERICAN ELECTRIC POWER CO|AMERICAN ELECTRIC POWER CO INC|American Electric Power Co|American Electric Power Co Inc
NEE,NEXTERA ENERGY INC,NEE|NEXTERA ENERGY|NEXTERA ENERGY INC|Nextera Energy|Nextera Energy Inc
EQT,E Q T CORP,E Q T|E Q T CORP|E Q T Corp|EQT
HWM,HOWMET AEROSPACE INC,HOWMET AEROSPACE|HOWMET AEROSPACE INC|HWM|Howmet Aerospace|Howmet Aerospace Inc
NOC,NORTHROP GRUMMAN CORP,NOC|NORTHROP GRUMMAN|NORTHROP GRUMMAN CORP|Northrop Grumman|Northrop Grumman Corp
AEE,AMEREN CORP,AEE|AMEREN|AMEREN CORP|Ameren|Ameren Corp
CMA,COMERICA INC,CMA|COMERICA|COMERICA INC|Comerica|Comerica Inc
OKE,ONEOK INC NEW,OKE|ONEOK INC NEW|Oneok Inc New
CPB,CAMPBELL SOUP CO,CAMPBELL SOUP|CAMPBELL SOUP CO|CPB|Campbell Soup|Campbell Soup Co
WHR,WHIRLPOOL CORP,WHIRLPOOL|WHIRLPOOL CORP|WHR|Whirlpool|Whirlpool Corp
LHX,L3HARRIS TECHNOLOGIES INC,L3HARRIS TECHNOLOGIES|L3HARRIS TECHNOLOGIES INC|L3Harris Technologies|L3Harris Technologies Inc|LHX
F,FORD MOTOR CO DEL,F|FORD MOTOR CO DEL|Ford Motor Co Del
DOV,DOVER CORP,DOV|DOVER|DOVER CORP|Dover|Dover Corp
DIS,DISNEY WALT CO,DIS|DISNEY WALT|DISNEY WALT CO|Disney Walt|Disney Walt Co
L,LOEWS CORP,L|LOEWS|LOEWS CORP|Loews|Loews Corp
K,KELLOGG CO,K|KELLOGG|KELLOGG CO|Kellogg|Kellogg Co
HPQ,H P INC,H P|H P INC|H P Inc|HPQ
BAX,BAXTER INTERNATIONAL INC,BAX|BAXTER INTERNATIONAL|BAXTER INTERNATIONAL INC|Baxter International|Baxter International Inc
DUK,DUKE ENERGY CORP NEW,DUK|DUKE ENERGY CORP NEW|Duke Energy Corp New
PNW,PINNACLE WEST CAPITAL CORP,PINNACLE WEST CAPITAL|PINNACLE WEST CAPITAL CORP|PNW|Pinnacle West Capital|Pinnacle West Capital Corp
APD,AIR PRODUCTS & CHEMICALS INC,AIR PRODUCTS & CHEMICALS|AIR PRODUCTS & CHEMICALS INC|APD|Air Products & Chemicals|Air Products & Chemicals Inc
VNO,VORNADO REALTY TRUST,VNO|VORNADO REALTY TRUST|Vornado Realty Trust
HES,HESS CORP,HES|HESS|HESS CORP|Hess|Hess Corp
ALK,ALASKA AIRGROUP INC,ALASKA AIRGROUP|ALASKA AIRGROUP INC|ALK|Alaska Airgroup|Alaska Airgroup Inc
BF,BROWN FORMAN CORP,BF|BROWN FORMAN|BROWN FORMAN CORP|Brown Forman|Brown Forman Corp
OMC,OMNICOM GROUP INC,OMC|OMNICOM GROUP|OMNICOM GROUP INC|Omnicom Group|Omnicom Group Inc
HRL,HORMEL FOODS CORP,HORMEL FOODS|HORMEL FOODS CORP|HRL|Hormel Foods|Hormel Foods Corp
ATO,ATMOS ENERGY CORP,ATMOS ENERGY|ATMOS ENERGY CORP|ATO|Atmos Energy|Atmos Energy Corp
MAS,MASCO CORP,MAS|MASCO|MASCO CORP|Masco|Masco Corp
FITB,FIFTH THIRD BANCORP,FIFTH THIRD BANCORP|FITB|Fifth Third Bancorp
NUE,NUCOR CORP,NUCOR|NUCOR CORP|NUE|Nucor|Nucor Corp
OXY,OCCIDENTAL PETROLEUM CORP,OCCIDENTAL PETROLEUM|OCCIDENTAL PETROLEUM CORP|OXY|Occidental Petroleum|Occidental Petroleum Corp
RF,REGIONS FINANCIAL CORP NEW,REGIONS FINANCIAL CORP NEW|RF|Regions Financial Corp New
MTB,M & T BANK CORP,M & T BANK|M & T BANK CORP|M & T Bank|M & T Bank Corp|MTB
ROL,ROLLINS INC,ROL|ROLLINS|ROLLINS INC|Rollins|Rollins Inc
SHW,SHERWIN WILLIAMS CO,SHERWIN WILLIAMS|SHERWIN WILLIAMS CO|SHW|Sherwin Williams|Sherwin Williams Co
BEN,FRANKLIN RESOURCES INC,BEN|FRANKLIN RESOURCES|FRANKLIN RESOURCES INC|Franklin Resources|Franklin Resources Inc
AJG,GALLAGHER ARTHUR J & CO,AJG|GALLAGHER ARTHUR J &|GALLAGHER ARTHUR J & CO|Gallagher Arthur J &|Gallagher Arthur J & Co
WMB,WILLIAMS COS,WILLIAMS COS|WMB|Williams Cos
WFC,WELLS FARGO & CO NEW,WELLS FARGO & CO NEW|WFC|Wells Fargo & Co New
NI,NISOURCE INC,NI|NISOURCE|NISOURCE INC|Nisource|Nisource Inc
APA,A P A CORP,A P A|A P A CORP|A P A Corp|APA
BDX,BECTON DICKINSON & CO,BDX|BECTON DICKINSON &|BECTON DICKINSON & CO|Becton Dickinson &|Becton Dickinson & Co
WY,WEYERHAEUSER CO,WEYERHAEUSER|WEYERHAEUSER CO|WY|Weyerhaeuser|Weyerhaeuser Co
DXC,D X C TECHNOLOGY CO,D X C TECHNOLOGY|D X C TECHNOLOGY CO|D X C Technology|D X C Technology Co|DXC
IFF,INTERNATIONAL FLAVORS & FRAG INC,IFF|INTERNATIONAL FLAVORS & FRAG|INTERNATIONAL FLAVORS & FRAG INC|International Flavors & Frag|International Flavors & Frag Inc
TJX,T J X COMPANIES INC NEW,T J X COMPANIES INC NEW|T J X Companies Inc New|TJX
CMI,CUMMINS INC,CMI|CUMMINS|CUMMINS INC|Cummins|Cummins Inc
PH,PARKER HANNIFIN CORP,PARKER HANNIFIN|PARKER HANNIFIN CORP|PH|Parker Hannifin|Parker Hannifin Corp
PKI,PERKINELMER INC,PERKINELMER|PERKINELMER INC|PKI|Perkinelmer|Perkinelmer Inc
SJM,SMUCKER J M CO,SJM|SMUCKER J M|SMUCKER J M CO|Smucker J M|Smucker J M Co
JBHT,HUNT J B TRANSPORT SERVICES INC,HUNT J B TRANSPORT SERVICES|HUNT J B TRANSPORT SERVICES INC|Hunt J B Transport Services|Hunt J B Transport Services Inc|JBHT
HBAN,HUNTINGTON BANCSHARES INC,HBAN|HUNTINGTON BANCSHARES|HUNTINGTON BANCSHARES INC|Huntington Bancshares|Huntington Bancshares Inc
SWK,STANLEY BLACK & DECKER INC,STANLEY BLACK & DECKER|STANLEY BLACK & DECKER INC|SWK|Stanley Black & Decker|Stanley Black & Decker Inc
MCD,MCDONALDS CORP,MCD|MCDONALDS|MCDONALDS CORP|Mcdonalds|Mcdonalds Corp
VFC,V F CORP,V F|V F CORP|V F Corp|VFC
ES,EVERSOURCE ENERGY,ES|EVERSOURCE ENERGY|Eversource Energy
TFX,TELEFLEX INC,TELEFLEX|TELEFLEX INC|TFX|Teleflex|Teleflex Inc
AVY,AVERY DENNISON CORP,AVERY DENNISON|AVERY DENNISON CORP|AVY|Avery Dennison|Avery Dennison Corp
ADP,AUTOMATIC DATA PROCESSING INC,ADP|AUTOMATIC DATA PROCESSING|AUTOMATIC DATA PROCESSING INC|Automatic Data Processing|Automatic Data Processing Inc
JCI,JOHNSON CONTROLS INTL PLC,JCI|JOHNSON CONTROLS INTL PLC|Johnson Controls Intl Plc
MMC,MARSH & MCLENNAN COS INC,MARSH & MCLENNAN COS|MARSH & MCLENNAN COS INC|MMC|Marsh & Mclennan Cos|Marsh & Mclennan Cos Inc
SWKS,SKYWORKS SOLUTIONS INC,SKYWORKS SOLUTIONS|SKYWORKS SOLUTIONS INC|SWKS|Skyworks Solutions|Skyworks Solutions Inc
CLX,CLOROX CO,CLOROX|CLOROX CO|CLX|Clorox|Clorox Co
GPC,GENUINE PARTS CO,GENUINE PARTS|GENUINE PARTS CO|GPC|Genuine Parts|Genuine Parts Co
HST,HOST HOTELS & RESORTS INC,HOST HOTELS & RESORTS|HOST HOTELS & RESORTS INC|HST|Host Hotels & Resorts|Host Hotels & Resorts Inc
KLAC,K L A CORP,K L A|K L A CORP|K L A Corp|KLAC
JPM,JPMORGAN CHASE & CO,JPM|JPMORGAN CHASE &|JPMORGAN CHASE & CO|Jpmorgan Chase &|Jpmorgan Chase & Co
LRCX,LAM RESH CORP,LAM RESH|LAM RESH CORP|LRCX|Lam Resh|Lam Resh Corp
MCO,MOODYS CORP,MCO|MOODYS|MOODYS CORP|Moodys|Moodys Corp
HUM,HUMANA INC,HUM|HUMANA|HUMANA INC|Humana|Humana Inc
UNP,UNION PACIFIC CORP,UNION PACIFIC|UNION PACIFIC CORP|UNP|Union Pacific|Union Pacific Corp
LNC,LINCOLN NATIONAL CORP,LINCOLN NATIONAL|LINCOLN NATIONAL CORP|LNC|Lincoln National|Lincoln National Corp
TGT,TARGET CORP,TARGET|TARGET CORP|TGT|Target|Target Corp
BK,BANK OF NEW YORK MELLON CORP,BANK OF NEW YORK MELLON|BANK OF NEW YORK MELLON CORP|BK|Bank Of New York Mellon|Bank Of New York Mellon Corp
DHR,DANAHER CORP,DANAHER|DANAHER CORP|DHR|Danaher|Danaher Corp
LLY,LILLY ELI & CO,LILLY ELI &|LILLY ELI & CO|LLY|Lilly Eli &|Lilly Eli & Co
TER,TERADYNE INC,TER|TERADYNE|TERADYNE INC|Teradyne|Teradyne Inc
SYY,SYSCO CORP,SYSCO|SYSCO CORP|SYY|Sysco|Sysco Corp
MKC,MCCORMICK & CO INC,MCCORMICK & CO|MCCORMICK & CO INC|MKC|Mccormick & Co|Mccormick & Co Inc
RHI,ROBERT HALF INTERNATIONAL INC,RHI|ROBERT HALF INTERNATIONAL|ROBERT HALF INTERNATIONAL INC|Robert Half International|Robert Half International Inc
J,JACOBS SOLUTIONS INC,J|JACOBS SOLUTIONS|JACOBS SOLUTIONS INC|Jacobs Solutions|Jacobs Solutions Inc
EFX,EQUIFAX INC,EFX|EQUIFAX|EQUIFAX INC|Equifax|Equifax Inc
GWW,GRAINGER W W INC,GRAINGER W W|GRAINGER W W INC|GWW|Grainger W W|Grainger W W Inc
LEN,LENNAR CORP,LEN|LENNAR|LENNAR CORP|Lennar|Lennar Corp
HAS,HASBRO INC,HAS|HASBRO|HASBRO INC|Hasbro|Hasbro Inc
IPG,INTERPUBLIC GROUP COS INC,INTERPUBLIC GROUP COS|INTERPUBLIC GROUP COS INC|IPG|Interpublic Group Cos|Interpublic Group Cos Inc
MU,MICRON TECHNOLOGY INC,MICRON TECHNOLOGY|MICRON TECHNOLOGY INC|MU|Micron Technology|Micron Technology Inc
PHM,PULTE GROUP INC,PHM|PULTE GROUP|PULTE GROUP INC|Pulte Group|Pulte Group Inc
WMT,WALMART INC,WALMART|WALMART INC|WMT|Walmart|Walmart Inc
CAG,CONAGRA BRANDS INC,CAG|CONAGRA BRANDS|CONAGRA BRANDS INC|Conagra Brands|Conagra Brands Inc
ITW,ILLINOIS TOOL WORKS INC,ILLINOIS TOOL WORKS|ILLINOIS TOOL WORKS INC|ITW|Illinois Tool Works|Illinois Tool Works Inc
BALL,BALL CORP,BALL|BALL CORP|Ball|Ball Corp
NKE,NIKE INC,NIKE|NIKE INC|NKE|Nike|Nike Inc
NDSN,NORDSON CORP,NDSN|NORDSON|NORDSON CORP|Nordson|Nordson Corp
AFL,AFLAC INC,AFL|AFLAC|AFLAC INC|Aflac|Aflac Inc
NTRS,NORTHERN TRUST CORP,NORTHERN TRUST|NORTHERN TRUST CORP|NTRS|Northern Trust|Northern Trust Corp
FRT,FEDERAL REALTY INVESTMENT TR NEW,FEDERAL REALTY INVESTMENT TR NEW|FRT|Federal Realty Investment Tr New
LUV,SOUTHWEST AIRLINES CO,LUV|SOUTHWEST AIRLINES|SOUTHWEST AIRLINES CO|Southwest Airlines|Southwest Airlines Co
LNT,ALLIANT ENERGY CORP,ALLIANT ENERGY|ALLIANT ENERGY CORP|Alliant Energy|Alliant Energy Corp|LNT
AXP,AMERICAN EXPRESS CO,AMERICAN EXPRESS|AMERICAN EXPRESS CO|AXP|American Express|American Express Co
TAP,MOLSON COORS BEVERAGE CO,MOLSON COORS BEVERAGE CO|MOLSONORS BEVERAGE|Molson Coors Beverage Co|Molsonors Beverage|TAP
UDR,U D R INC,U D R|U D R INC|U D R Inc|UDR
INTC,INTEL CORP,INTC|INTEL|INTEL CORP|Intel|Intel Corp
BAC,BANK OF AMERICA CORP,BAC|BANK OF AMERICA|BANK OF AMERICA CORP|Bank Of America|Bank Of America Corp
TRV,TRAVELERS COMPANIES INC,TRAVELERS COMPANIES|TRAVELERS COMPANIES INC|TRV|Travelers Companies|Travelers Companies Inc
MDT,MEDTRONIC PLC,MDT|MEDTRONIC PLC|Medtronic Plc
SNA,SNAP ON INC,SNA|SNAP ON|SNAP ON INC|Snap On|Snap On Inc
PNC,P N C FINANCIAL SERVICES GRP INC,P N C FINANCIAL SERVICES GRP|P N C FINANCIAL SERVICES GRP INC|P N C Financial Services Grp|P N C Financial Services Grp Inc|PNC
PCAR,PACCAR INC,PACCAR|PACCAR INC|PCAR|Paccar|Paccar Inc
LUMN,LUMEN TECHOLOGIES INC,LUMEN TECHOLOGIES|LUMEN TECHOLOGIES INC|LUMN|Lumen Techologies|Lumen Techologies Inc
FDX,FEDEX CORP,FDX|FEDEX|FEDEX CORP|Fedex|Fedex Corp
ADI,ANALOG DEVICES INC,ADI|ANALOG DEVICES|ANALOG DEVICES INC|Analog Devices|Analog Devices Inc
NWL,NEWELL BRANDS INC,NEWELL BRANDS|NEWELL BRANDS INC|NWL|Newell Brands|Newell Brands Inc
AMD,ADVANCED MICRO DEVICES INC,ADVANCED MICRO DEVICES|ADVANCED MICRO DEVICES INC|AMD|Advanced Micro Devices|Advanced Micro Devices Inc
LOW,LOWES COMPANIES INC,LOW|LOWES COMPANIES|LOWES COMPANIES INC|Lowes Companies|Lowes Companies Inc
BIO,BIO RAD LABORATORIES INC,BIO|BIO RAD LABORATORIES|BIO RAD LABORATORIES INC|Bio Rad Laboratories|Bio Rad Laboratories Inc
PAYX,PAYCHEX INC,PAYCHEX|PAYCHEX INC|PAYX|Paychex|Paychex Inc
AON,AON PLC NEW,AON|AON PLC NEW|Aon Plc New
TMO,THERMO FISHER SCIENTIFIC INC,THERMO FISHER SCIENTIFIC|THERMO FISHER SCIENTIFIC INC|TMO|Thermo Fisher Scientific|Thermo Fisher Scientific Inc
CSX,C S X CORP,C S X|C S X CORP|C S X Corp|CSX
GL,GLOBE LIFE INC,GL|GLOBE LIFE|GLOBE LIFE INC|Globe Life|Globe Life Inc
WST,WEST PHARMACEUTICAL SERVICES INC,WEST PHARMACEUTICAL SERVICES|WEST PHARMACEUTICAL SERVICES INC|WST|West Pharmaceutical Services|West Pharmaceutical Services Inc
BRO,BROWN & BROWN INC,BRO|BROWN & BROWN|BROWN & BROWN INC|Brown & Brown|Brown & Brown Inc
CI,CIGNA CORP NEW,CI|CIGNA CORP NEW|Cigna Corp New
BBWI,BATH & BODY WORKS INC,BATH & BODY WORKS|BATH & BODY WORKS INC|BBWI|Bath & Body Works|Bath & Body Works Inc
NSC,NORFOLK SOUTHERN CORP,NORFOLK SOUTHERN|NORFOLK SOUTHERN CORP|NSC|Norfolk Southern|Norfolk Southern Corp
PGR,PROGRESSIVE CORP OH,PGR|PROGRESSIVE CORP OH|Progressive Corp Oh
PSA,PUBLIC STORAGE,PSA|PUBLIC STORAGE|Public Storage
D,DOMINION ENERGY INC,D|DOMINION ENERGY|DOMINION ENERGY INC|Dominion Energy|Dominion Energy Inc
KEY,KEYCORP NEW,KEY|KEYCORP NEW|Keycorp New
AOS,SMITH A O CORP,AOS|SMITH A O|SMITH A O CORP|Smith A O|Smith A O Corp
COO,COOPER COMPANIES INC,COO|COOPER COMPANIES|COOPER COMPANIES INC|Cooper Companies|Cooper Companies Inc
VZ,VERIZON COMMUNICATIONS INC,VERIZON COMMUNICATIONS|VERIZON COMMUNICATIONS INC|VZ|Verizon Communications|Verizon Communications Inc
WELL,WELLTOWER INC,WELL|WELLTOWER|WELLTOWER INC|Welltower|Welltower Inc
T,A T & T INC,A T & T|A T & T INC|A T & T Inc|T
USB,U S BANCORP DEL,U S BANCORP DEL|U S Bancorp Del|USB
HD,HOME DEPOT INC,HD|HOME DEPOT|HOME DEPOT INC|Home Depot|Home Depot Inc
WDC,WESTERN DIGITAL CORP,WDC|WESTERN DIGITAL|WESTERN DIGITAL CORP|Western Digital|Western Digital Corp
AIG,AMERICAN INTERNATIONAL GROUP INC,AIG|AMERICAN INTERNATIONAL GROUP|AMERICAN INTERNATIONAL GROUP INC|American International Group|American International Group Inc
PEAK,HEALTHPEAK PROPERTIES INC,HEALTHPEAK PROPERTIES|HEALTHPEAK PROPERTIES INC|Healthpeak Properties|Healthpeak Properties Inc|PEAK
MS,MORGAN STANLEY DEAN WITTER & CO,MORGAN STANLEY DEAN WITTER &|MORGAN STANLEY DEAN WITTER & CO|MS|Morgan Stanley Dean Witter &|Morgan Stanley Dean Witter & Co
RJF,RAYMOND JAMES FINANCIAL INC,RAYMOND JAMES FINANCIAL|RAYMOND JAMES FINANCIAL INC|RJF|Raymond James Financial|Raymond James Financial Inc
STZ,CONSTELLATION BRANDS INC,CONSTELLATION BRANDS|CONSTELLATION BRANDS INC|Constellation Brands|Constellation Brands Inc|STZ
C,CITIGROUP INC,C|CITIGROUP|CITIGROUP INC|Citigroup|Citigroup Inc
ECL,ECOLAB INC,ECL|ECOLAB|ECOLAB INC|Ecolab|Ecolab Inc
TFC,TRUIST FINANCIAL CORP,TFC|TRUIST FINANCIAL|TRUIST FINANCIAL CORP|Truist Financial|Truist Financial Corp
STT,STATE STREET CORP,STATE STREET|STATE STREET CORP|STT|State Street|State Street Corp
SYK,STRYKER CORP,STRYKER|STRYKER CORP|SYK|Stryker|Stryker Corp
BKR,BAKER HUGHES CO,BAKER HUGHES|BAKER HUGHES CO|BKR|Baker Hughes|Baker Hughes Co
CCL,CARNIVAL CORP,CARNIVAL|CARNIVAL CORP|CCL|Carnival|Carnival Corp
SCHW,SCHWAB CHARLES CORP NEW,SCHW|SCHWAB CHARLES CORP NEW|Schwab Charles Corp New
PXD,PIONEER NATURAL RESOURCES CO,PIONEER NATURAL RESOURCES|PIONEER NATURAL RESOURCES CO|PXD|Pioneer Natural Resources|Pioneer Natural Resources Co
ADBE,ADOBE INC,ADBE|ADOBE|ADOBE INC|Adobe|Adobe Inc
IEX,IDEX CORP,IDEX|IDEX CORP|IEX|Idex|Idex Corp
GEN,GEN DIGITAL INC,GEN|GEN DIGITAL|GEN DIGITAL INC|Gen Digital|Gen Digital Inc
TECH,BIO TECHNE CORP,BIO TECHNE|BIO TECHNE CORP|Bio Techne|Bio Techne Corp|TECH
VTR,VENTAS INC,VENTAS|VENTAS INC|VTR|Ventas|Ventas Inc
EOG,EOG RESOURCES INC,EOG|EOG RESOURCES|EOG RESOURCES INC|Eog Resources|Eog Resources Inc
EA,ELECTRONIC ARTS INC,EA|ELECTRONIC ARTS|ELECTRONIC ARTS INC|Electronic Arts|Electronic Arts Inc
PTC,P T C INC,P T C|P T C INC|P T C Inc|PTC
CSCO,CISCO SYSTEMS INC,CISCO SYSTEMS|CISCO SYSTEMS INC|CSCO|Cisco Systems|Cisco Systems Inc
CTRA,COTERRA ENERGY INC,COTERRA ENERGY|COTERRA ENERGY INC|CTRA|Coterra Energy|Coterra Energy Inc
HOLX,HOLOGIC INC,HOLOGIC|HOLOGIC INC|HOLX|Hologic|Hologic Inc
TYL,TYLER TECHNOLOGIES INC,TYL|TYLER TECHNOLOGIES|TYLER TECHNOLOGIES INC|Tyler Technologies|Tyler Technologies Inc
PARA,PARAMOUNT GLOBAL,PARA|PARAMOUNT GLOBAL|Paramount Global
TRMB,TRIMBLE INC,TRIMBLE|TRIMBLE INC|TRMB|Trimble|Trimble Inc
AZO,AUTOZONE INC,AUTOZONE|AUTOZONE INC|AZO|Autozone|Autozone Inc
REGN,REGENERON PHARMACEUTICALS INC,REGENERON PHARMACEUTICALS|REGENERON PHARMACEUTICALS INC|REGN|Regeneron Pharmaceuticals|Regeneron Pharmaceuticals Inc
IDXX,I D E X X LABORATORIES INC,I D E X X LABORATORIES|I D E X X LABORATORIES INC|I D E X X Laboratories|I D E X X Laboratories Inc|IDXX
AES,A E S CORP,A E S|A E S CORP|A E S Corp|AES
VRTX,VERTEX PHARMACEUTICALS INC,VERTEX PHARMACEUTICALS|VERTEX PHARMACEUTICALS INC|VRTX|Vertex Pharmaceuticals|Vertex Pharmaceuticals Inc
ZBRA,ZEBRA TECHNOLOGIES CORP,ZBRA|ZEBRA TECHNOLOGIES|ZEBRA TECHNOLOGIES CORP|Zebra Technologies|Zebra Technologies Corp
BIIB,BIOGEN INC,BIIB|BIOGEN|BIOGEN INC|Biogen|Biogen Inc
ODFL,OLD DOMINION FREIGHT LINE INC,ODFL|OLD DOMINION FREIGHT LINE|OLD DOMINION FREIGHT LINE INC|Old Dominion Freight Line|Old Dominion Freight Line Inc
KIM,KIMCO REALTY CORP,KIM|KIMCO REALTY|KIMCO REALTY CORP|Kimco Realty|Kimco Realty Corp
QCOM,QUALCOMM INC,QCOM|QUALCOMM|QUALCOMM INC|Qualcomm|Qualcomm Inc
GILD,GILEAD SCIENCES INC,GILD|GILEAD SCIENCES|GILEAD SCIENCES INC|Gilead Sciences|Gilead Sciences Inc
ROP,ROPER TECHNOLOGIES INC,ROP|ROPER TECHNOLOGIES|ROPER TECHNOLOGIES INC|Roper Technologies|Roper Technologies Inc
SNPS,SYNOPSYS INC,SNPS|SYNOPSYS|SYNOPSYS INC|Synopsys|Synopsys Inc
MHK,MOHAWK INDUSTRIES INC,MHK|MOHAWK INDUSTRIES|MOHAWK INDUSTRIES INC|Mohawk Industries|Mohawk Industries Inc
BSX,BOSTON SCIENTIFIC CORP,BOSTON SCIENTIFIC|BOSTON SCIENTIFIC CORP|BSX|Boston Scientific|Boston Scientific Corp
STE,STERIS PLC NEW,STE|STERIS PLC NEW|Steris Plc New
DHI,D R HORTON INC,D R HORTON|D R HORTON INC|D R Horton|D R Horton Inc|DHI
SBUX,STARBUCKS CORP,SBUX|STARBUCKS|STARBUCKS CORP|Starbucks|Starbucks Corp
TSN,TYSON FOODS INC,TSN|TYSON FOODS|TYSON FOODS INC|Tyson Foods|Tyson Foods Inc
INTU,INTUIT INC,INTU|INTUIT|INTUIT INC|Intuit|Intuit Inc
MCHP,MICROCHIP TECHNOLOGY INC,MCHP|MICROCHIP TECHNOLOGY|MICROCHIP TECHNOLOGY INC|Microchip Technology|Microchip Technology Inc
CB,CHUBB LTD,CB|CHUBB LTD|Chubb Ltd
ORLY,O REILLY AUTOMOTIVE INC NEW,O REILLY AUTOMOTIVE INC NEW|O Reilly Automotive Inc New|ORLY
RCL,ROYAL CARIBBEAN CRUISES LTD,RCL|ROYAL CARIBBEAN CRUISES LTD|Royal Caribbean Cruises Ltd
ALL,ALLSTATE CORP,ALL|ALLSTATE|ALLSTATE CORP|Allstate|Allstate Corp
CPT,CAMDEN PROPERTY TRUST,CAMDEN PROPERTY TRUST|CPT|Camden Property Trust
BWA,BORGWARNER INC,BORGWARNER|BORGWARNER INC|BWA|Borgwarner|Borgwarner Inc
EQR,EQUITY RESIDENTIAL,EQR|EQUITY RESIDENTIAL|Equity Residential
UHS,UNIVERSAL HEALTH SERVICES INC,UHS|UNIVERSAL HEALTH SERVICES|UNIVERSAL HEALTH SERVICES INC|Universal Health Services|Universal Health Services Inc
ATVI,ACTIVISION BLIZZARD INC,ACTIVISION BLIZZARD|ACTIVISION BLIZZARD INC|ATVI|Activision Blizzard|Activision Blizzard Inc
IT,GARTNER INC,GARTNER|GARTNER INC|Gartner|Gartner Inc|IT
REG,REGENCY CENTERS CORP,REG|REGENCY CENTERS|REGENCY CENTERS CORP|Regency Centers|Regency Centers Corp
NVR,N V R INC,N V R|N V R INC|N V R Inc|NVR
INCY,INCYTE CORP,INCY|INCYTE|INCYTE CORP|Incyte|Incyte Corp
EMN,EASTMAN CHEMICAL CO,EASTMAN CHEMICAL|EASTMAN CHEMICAL CO|EMN|Eastman Chemical|Eastman Chemical Co
SPG,SIMON PROPERTY GROUP INC NEW,SIMON PROPERTY GROUP INC NEW|SPG|Simon Property Group Inc New
MAA,MID AMERICA APT COMMUNITIES INC,MAA|MID AMERICA APT COMMUNITIES|MID AMERICA APT COMMUNITIES INC|Mid America Apt Communities|Mid America Apt Communities Inc
ALB,ALBEMARLE CORP,ALB|ALBEMARLE|ALBEMARLE CORP|Albemarle|Albemarle Corp
MLM,MARTIN MARIETTA MATERIALS INC,MARTIN MARIETTA MATERIALS|MARTIN MARIETTA MATERIALS INC|MLM|Martin Marietta Materials|Martin Marietta Materials Inc
TSCO,TRACTOR SUPPLY CO NEW,TRACTOR SUPPLY CO NEW|TSCO|Tractor Supply Co New
CPRT,COPART INC,COPART|COPART INC|CPRT|Copart|Copart Inc
AVB,AVALONBAY COMMUNITIES INC,AVALONBAY COMMUNITIES|AVALONBAY COMMUNITIES INC|AVB|Avalonbay Communities|Avalonbay Communities Inc
ESS,ESSEX PROPERTY TRUST INC,ESS|ESSEX PROPERTY TRUST|ESSEX PROPERTY TRUST INC|Essex Property Trust|Essex Property Trust Inc
O,REALTY INCOME CORP,O|REALTY INCOME|REALTY INCOME CORP|Realty Income|Realty Income Corp
COF,CAPITAL ONE FINANCIAL CORP,CAPITAL ONE FINANCIAL|CAPITAL ONE FINANCIAL CORP|COF|Capital One Financial|Capital One Financial Corp
MCK,MCKESSON H B O C INC,MCK|MCKESSON H B O C|MCKESSON H B O C INC|Mckesson H B O C|Mckesson H B O C Inc
DLTR,DOLLAR TREE INC,DLTR|DOLLAR TREE|DOLLAR TREE INC|Dollar Tree|Dollar Tree Inc
ABC,AMERISOURCEBERGEN CORP,ABC|AMERISOURCEBERGEN|AMERISOURCEBERGEN CORP|Amerisourcebergen|Amerisourcebergen Corp
DRI,DARDEN RESTAURANTS INC,DARDEN RESTAURANTS|DARDEN RESTAURANTS INC|DRI|Darden Restaurants|Darden Restaurants Inc
WAB,WABTEC CORP,WAB|WABTEC|WABTEC CORP|Wabtec|Wabtec Corp
DISH,DISH NETWORK CORP,DISH|DISH NETWORK|DISH NETWORK CORP|Dish Network|Dish Network Corp
RMD,RESMED INC,RESMED|RESMED INC|RMD|Resmed|Resmed Inc
FCX,FREEPORT MCMORAN INC,FCX|FREEPORT MCMORAN|FREEPORT MCMORAN INC|Freeport Mcmoran|Freeport Mcmoran Inc
ACGL,ARCH CAPITAL GROUP LTD NEW,ACGL|ARCH CAPITAL GROUP LTD NEW|Arch Capital Group Ltd New
RE,EVEREST RE GROUP LTD,EVEREST RE GROUP LTD|Everest Re Group Ltd|RE
DVA,DAVITA INC,DAVITA|DAVITA INC|DVA|Davita|Davita Inc
POOL,POOL CORP,POOL|POOL CORP|Pool|Pool Corp
HSIC,SCHEIN HENRY INC,HSIC|SCHEIN HENRY|SCHEIN HENRY INC|Schein Henry|Schein Henry Inc
NTAP,NETAPP INC,NETAPP|NETAPP INC|NTAP|Netapp|Netapp Inc
EL,LAUDER ESTEE COS INC,EL|LAUDER ESTEE COS|LAUDER ESTEE COS INC|Lauder Estee Cos|Lauder Estee Cos Inc
WAT,WATERS CORP,WAT|WATERS|WATERS CORP|Waters|Waters Corp
HIG,HARTFORD FINANCIAL SVCS GRP INC,HARTFORD FINANCIAL SVCS GRP|HARTFORD FINANCIAL SVCS GRP INC|HIG|Hartford Financial Svcs Grp|Hartford Financial Svcs Grp Inc
IRM,IRON MOUNTAIN INC NEW,IRM|IRON MOUNTAIN INC NEW|Iron Mountain Inc New
BRK,BERKSHIRE HATHAWAY INC DEL,BERKSHIRE HATHAWAY INC DEL|BRK|Berkshire Hathaway Inc Del
FDS,FACTSET RESEARCH SYSTEMS INC,FACTSET RESEARCH SYSTEMS|FACTSET RESEARCH SYSTEMS INC|FDS|Factset Research Systems|Factset Research Systems Inc
ANSS,ANSYS INC,ANSS|ANSYS|ANSYS INC|Ansys|Ansys Inc
ZION,ZIONS BANCORPORATION N A,ZION|ZIONS BANCORPORATION N A|Zions Bancorporation N A
STLD,STEEL DYNAMICS INC,STEEL DYNAMICS|STEEL DYNAMICS INC|STLD|Steel Dynamics|Steel Dynamics Inc
DGX,QUEST DIAGNOSTICS INC,DGX|QUEST DIAGNOSTICS|QUEST DIAGNOSTICS INC|Quest Diagnostics|Quest Diagnostics Inc
ROK,ROCKWELL AUTOMATION INC,ROCKWELL AUTOMATION|ROCKWELL AUTOMATION INC|ROK|Rockwell Automation|Rockwell Automation Inc
TTWO,TAKE TWO INTERACTIVE SOFTWR INC,TAKE TWO INTERACTIVE SOFTWR|TAKE TWO INTERACTIVE SOFTWR INC|TTWO|Take Two Interactive Softwr|Take Two Interactive Softwr Inc
ARE,ALEXANDRIA REAL EST EQUITIES INC,ALEXANDRIA REAL EST EQUITIES|ALEXANDRIA REAL EST EQUITIES INC|ARE|Alexandria Real Est Equities|Alexandria Real Est Equities Inc
APH,AMPHENOL CORP NEW,AMPHENOL CORP NEW|APH|Amphenol Corp New
AMZN,AMAZON COM INC,AMAZON COM|AMAZON COM INC|AMZN|Amazon Com|Amazon Com Inc
QRVO,QORVO INC,QORVO|QORVO INC|QRVO|Qorvo|Qorvo Inc
BXP,BOSTON PROPERTIES INC,BOSTON PROPERTIES|BOSTON PROPERTIES INC|BXP|Boston Properties|Boston Properties Inc
RL,RALPH LAUREN CORP,RALPH LAUREN|RALPH LAUREN CORP|RL|Ralph Lauren|Ralph Lauren Corp
AME,AMETEK INC NEW,AME|AMETEK INC NEW|Ametek Inc New
VLO,VALERO ENERGY CORP NEW,VALERO ENERGY CORP NEW|VLO|Valero Energy Corp New
YUM,YUM BRANDS INC,YUM|YUM BRANDS|YUM BRANDS INC|Yum Brands|Yum Brands Inc
CHRW,CH ROBINSON WORLDWIDE INC,CH ROBINSON WORLDWIDE|CH ROBINSON WORLDWIDE INC|CHRW|Ch Robinson Worldwide|Ch Robinson Worldwide Inc
PLD,PROLOGIS INC,PLD|PROLOGIS|PROLOGIS INC|Prologis|Prologis Inc
MTD,METTLER TOLEDO INTERNATIONAL INC,METTLER TOLEDO INTERNATIONAL|METTLER TOLEDO INTERNATIONAL INC|MTD|Mettler Toledo International|Mettler Toledo International Inc
ADSK,AUTODESK INC,ADSK|AUTODESK|AUTODESK INC|Autodesk|Autodesk Inc
URI,UNITED RENTALS INC,UNITED RENTALS|UNITED RENTALS INC|URI|United Rentals|United Rentals Inc
VRSN,VERISIGN INC,VERISIGN|VERISIGN INC|VRSN|Verisign|Verisign Inc
PWR,QUANTA SERVICES INC,PWR|QUANTA SERVICES|QUANTA SERVICES INC|Quanta Services|Quanta Services Inc
MAR,MARRIOTT INTERNATIONAL INC NEW,MAR|MARRIOTT INTERNATIONAL INC NEW|Marriott International Inc New
BBY,BEST BUY COMPANY INC,BBY|BEST BUY COMPANY|BEST BUY COMPANY INC|Best Buy Company|Best Buy Company Inc
SEE,SEALED AIR CORP NEW,SEALED AIR CORP NEW|SEE|Sealed Air Corp New
AMT,AMERICAN TOWER CORP NEW,AMERICAN TOWER CORP NEW|AMT|American Tower Corp New
SRE,SEMPRA ENERGY,SEMPRA ENERGY|SRE|Sempra Energy
CTSH,COGNIZANT TECHNOLOGY SOLS CORP,COGNIZANT TECHNOLOGY SOLS|COGNIZANT TECHNOLOGY SOLS CORP|CTSH|Cognizant Technology Sols|Cognizant Technology Sols Corp
RSG,REPUBLIC SERVICES INC,REPUBLIC SERVICES|REPUBLIC SERVICES INC|RSG|Republic Services|Republic Services Inc
CSGP,COSTAR GROUP INC,COSTAR GROUP|COSTAR GROUP INC|CSGP|Costar Group|Costar Group Inc
CCI,CROWN CASTLE INC,CCI|CROWN CASTLE|CROWN CASTLE INC|Crown Castle|Crown Castle Inc
EBAY,EBAY INC,EBAY|EBAY INC|Ebay|Ebay Inc
NVDA,NVIDIA CORP,NVDA|NVIDIA|NVIDIA CORP|Nvidia|Nvidia Corp
BKNG,BOOKING HOLDINGS INC,BKNG|BOOKING HOLDINGS|BOOKING HOLDINGS INC|Booking Holdings|Booking Holdings Inc
GS,GOLDMAN SACHS GROUP INC,GOLDMAN SACHS GROUP|GOLDMAN SACHS GROUP INC|GS|Goldman Sachs Group|Goldman Sachs Group Inc
FFIV,F 5 INC,F 5|F 5 INC|F 5 Inc|FFIV
JNPR,JUNIPER NETWORKS INC,JNPR|JUNIPER NETWORKS|JUNIPER NETWORKS INC|Juniper Networks|Juniper Networks Inc
SBAC,S B A COMMUNICATIONS CORP NEW,S B A COMMUNICATIONS CORP NEW|S B A Communications Corp New|SBAC
COST,COSTCO WHOLESALE CORP NEW,COST|COSTCO WHOLESALE CORP NEW|Costco Wholesale Corp New
DVN,DEVON ENERGY CORP NEW,DEVON ENERGY CORP NEW|DVN|Devon Energy Corp New
BLK,BLACKROCK INC,BLACKROCK|BLACKROCK INC|BLK|Blackrock|Blackrock Inc
AKAM,AKAMAI TECHNOLOGIES INC,AKAM|AKAMAI TECHNOLOGIES|AKAMAI TECHNOLOGIES INC|Akamai Technologies|Akamai Technologies Inc
A,AGILENT TECHNOLOGIES INC,A|AGILENT TECHNOLOGIES|AGILENT TECHNOLOGIES INC|Agilent Technologies|Agilent Technologies Inc
TDY,TELEDYNE TECHNOLOGIES,TDY|TELEDYNE TECHNOLOGIES|Teledyne Technologies
UPS,UNITED PARCEL SERVICE INC,UNITED PARCEL SERVICE|UNITED PARCEL SERVICE INC|UPS|United Parcel Service|United Parcel Service Inc
PKG,PACKAGING CORP AMERICA,PACKAGING CORP AMERICA|PKG|Packaging Corp America
EW,EDWARDS LIFESCIENCES CORP,EDWARDS LIFESCIENCES|EDWARDS LIFESCIENCES CORP|EW|Edwards Lifesciences|Edwards Lifesciences Corp
EXPD,EXPEDITORS INTERNATIONAL WA INC,EXPD|EXPEDITORS INTERNATIONAL WA|EXPEDITORS INTERNATIONAL WA INC|Expeditors International Wa|Expeditors International Wa Inc
MET,METLIFE INC,MET|METLIFE|METLIFE INC|Metlife|Metlife Inc
MNST,MONSTER BEVERAGE CORP NEW,MNST|MONSTER BEVERAGE CORP NEW|Monster Beverage Corp New
ON,ON SEMICONDUCTOR CORP,ON|ON SEMICONDUCTOR|ON SEMICONDUCTOR CORP|On Semiconductor|On Semiconductor Corp
CRL,CHARLES RIVER LABS INTL INC,CHARLES RIVER LABS INTL|CHARLES RIVER LABS INTL INC|CRL|Charles River Labs Intl|Charles River Labs Intl Inc
ISRG,INTUITIVE SURGICAL INC,INTUITIVE SURGICAL|INTUITIVE SURGICAL INC|ISRG|Intuitive Surgical|Intuitive Surgical Inc
ILMN,ILLUMINA INC,ILLUMINA|ILLUMINA INC|ILMN|Illumina|Illumina Inc
TPR,TAPESTRY INC,TAPESTRY|TAPESTRY INC|TPR|Tapestry|Tapestry Inc
JKHY,HENRY JACK & ASSOC INC,HENRY JACK & ASSOC|HENRY JACK & ASSOC INC|Henry Jack & Assoc|Henry Jack & Assoc Inc|JKHY
GRMN,GARMIN LTD,GARMIN LTD|GRMN|Garmin Ltd
ALGN,ALIGN TECHNOLOGY INC,ALGN|ALIGN TECHNOLOGY|ALIGN TECHNOLOGY INC|Align Technology|Align Technology Inc
GPN,GLOBAL PAYMENTS INC,GLOBAL PAYMENTS|GLOBAL PAYMENTS INC|GPN|Global Payments|Global Payments Inc
FIS,FIDELITY NATIONAL INFO SVCS INC,FIDELITY NATIONAL INFO SVCS|FIDELITY NATIONAL INFO SVCS INC|FIS|Fidelity National Info Svcs|Fidelity National Info Svcs Inc
MDLZ,MONDELEZ INTERNATIONAL INC,MDLZ|MONDELEZ INTERNATIONAL|MONDELEZ INTERNATIONAL INC|Mondelez International|Mondelez International Inc
WTW,WILLIS TOWERS WATSON PUB LTD CO,WILLIS TOWERS WATSON PUB LTD|WILLIS TOWERS WATSON PUB LTD CO|WTW|Willis Towers Watson Pub Ltd|Willis Towers Watson Pub Ltd Co
ZBH,ZIMMER BIOMET HOLDINGS INC,ZBH|ZIMMER BIOMET HOLDINGS|ZIMMER BIOMET HOLDINGS INC|Zimmer Biomet Holdings|Zimmer Biomet Holdings Inc
ACN,ACCENTURE PLC IRELAND,ACCENTURE PLC IRELAND|ACN|Accenture Plc Ireland
ELV,ELEVANCE HEALTH INC,ELEVANCE HEALTH|ELEVANCE HEALTH INC|ELV|Elevance Health|Elevance Health Inc
PFG,PRINCIPAL FINANCIAL GROUP INC,PFG|PRINCIPAL FINANCIAL GROUP|PRINCIPAL FINANCIAL GROUP INC|Principal Financial Group|Principal Financial Group Inc
AAP,ADVANCE AUTO PARTS INC,AAP|ADVANCE AUTO PARTS|ADVANCE AUTO PARTS INC|Advance Auto Parts|Advance Auto Parts Inc
PRU,PRUDENTIAL FINANCIAL INC,PRU|PRUDENTIAL FINANCIAL|PRUDENTIAL FINANCIAL INC|Prudential Financial|Prudential Financial Inc
CNC,CENTENE CORP DEL,CENTENE CORP DEL|CNC|Centene Corp Del
NFLX,NETFLIX INC,NETFLIX|NETFLIX INC|NFLX|Netflix|Netflix Inc
KMX,CARMAX INC,CARMAX|CARMAX INC|Carmax|Carmax Inc|KMX
CMCSA,COMCAST CORP NEW,CMCSA|COMCAST CORP NEW|Comcast Corp New
WYNN,WYNN RESORTS LTD,WYNN|WYNN RESORTS LTD|Wynn Resorts Ltd
EQIX,EQUINIX INC,EQIX|EQUINIX|EQUINIX INC|Equinix|Equinix Inc
CME,C M E GROUP INC,C M E GROUP|C M E GROUP INC|C M E Group|C M E Group Inc|CME
STX,SEAGATE TECHNOLOGY HOLDINGS PLC,SEAGATE TECHNOLOGY HOLDINGS PLC|STX|Seagate Technology Holdings Plc
MOH,MOLINA HEALTHCARE INC,MOH|MOLINA HEALTHCARE|MOLINA HEALTHCARE INC|Molina Healthcare|Molina Healthcare Inc
LKQ,L K Q CORP,L K Q|L K Q CORP|L K Q Corp|LKQ
AIZ,ASSURANT INC,AIZ|ASSURANT|ASSURANT INC|Assurant|Assurant Inc
NRG,N R G ENERGY INC,N R G ENERGY|N R G ENERGY INC|N R G Energy|N R G Energy Inc|NRG
SBNY,SIGNATURE BANK NEW YORK N Y,SBNY|SIGNATURE BANK NEW YORK N Y|Signature Bank New York N Y
CBRE,C B R E GROUP INC,C B R E GROUP|C B R E GROUP INC|C B R E Group|C B R E Group Inc|CBRE
CRM,SALESFORCE INC,CRM|SALESFORCE|SALESFORCE INC|Salesforce|Salesforce Inc
DPZ,DOMINOS PIZZA INC,DOMINOS PIZZA|DOMINOS PIZZA INC|DPZ|Dominos Pizza|Dominos Pizza Inc
EXR,EXTRA SPACE STORAGE INC,EXR|EXTRA SPACE STORAGE|EXTRA SPACE STORAGE INC|Extra Space Storage|Extra Space Storage Inc
GOOGL,ALPHABET INC,ALPHABET|ALPHABET INC|Alphabet|Alphabet Inc|GOOGL
DLR,DIGITAL REALTY TRUST INC,DIGITAL REALTY TRUST|DIGITAL REALTY TRUST INC|DLR|Digital Realty Trust|Digital Realty Trust Inc
MOS,MOSAIC CO NEW,MOS|MOSAIC CO NEW|Mosaic Co New
MKTX,MARKETAXESS HLDGS INC,MARKETAXESS HLDGS|MARKETAXESS HLDGS INC|MKTX|Marketaxess Hldgs|Marketaxess Hldgs Inc
MPWR,MONOLITHIC PWR SYS INC,MONOLITHIC PWR SYS|MONOLITHIC PWR SYS INC|MPWR|Monolithic Pwr Sys|Monolithic Pwr Sys Inc
LVS,LAS VEGAS SANDS CORP,LAS VEGAS SANDS|LAS VEGAS SANDS CORP|LVS|Las Vegas Sands|Las Vegas Sands Corp
CE,CELANESE CORP DEL,CE|CELANESE CORP DEL|Celanese Corp Del
NDAQ,NASDAQ INC,NASDAQ|NASDAQ INC|NDAQ|Nasdaq|Nasdaq Inc
DXCM,DEXCOM INC,DEXCOM|DEXCOM INC|DXCM|Dexcom|Dexcom Inc
EXPE,EXPEDIA GROUP INC,EXPE|EXPEDIA GROUP|EXPEDIA GROUP INC|Expedia Group|Expedia Group Inc
CF,C F INDUSTRIES HOLDINGS INC,C F INDUSTRIES HOLDINGS|C F INDUSTRIES HOLDINGS INC|C F Industries Holdings|C F Industries Holdings Inc|CF
AMP,AMERIPRISE FINANCIAL INC,AMERIPRISE FINANCIAL|AMERIPRISE FINANCIAL INC|AMP|Ameriprise Financial|Ameriprise Financial Inc
ICE,INTERCONTINENTALEXCHANGE GRP INC,ICE|INTERCONTINENTALEXCHANGE GRP|INTERCONTINENTALEXCHANGE GRP INC|Intercontinentalexchange Grp|Intercontinentalexchange Grp Inc
LYV,LIVE NATION ENTERTAINMENT INC,LIVE NATION ENTERTAINMENT|LIVE NATION ENTERTAINMENT INC|LYV|Live Nation Entertainment|Live Nation Entertainment Inc
CMG,CHIPOTLE MEXICAN GRILL INC,CHIPOTLE MEXICAN GRILL|CHIPOTLE MEXICAN GRILL INC|CMG|Chipotle Mexican Grill|Chipotle Mexican Grill Inc
UAL,UNITED AIRLINES HOLDINGS INC,UAL|UNITED AIRLINES HOLDINGS|UNITED AIRLINES HOLDINGS INC|United Airlines Holdings|United Airlines Holdings Inc
TDG,TRANSDIGM GROUP INC,TDG|TRANSDIGM GROUP|TRANSDIGM GROUP INC|Transdigm Group|Transdigm Group Inc
MA,MASTERCARD INC,MA|MASTERCARD|MASTERCARD INC|Mastercard|Mastercard Inc
LDOS,LEIDOS HOLDINGS INC,LDOS|LEIDOS HOLDINGS|LEIDOS HOLDINGS INC|Leidos Holdings|Leidos Holdings Inc
ROST,ROSS STORES INC,ROSS STORES|ROSS STORES INC|ROST|Ross Stores|Ross Stores Inc
FSLR,FIRST SOLAR INC,FIRST SOLAR|FIRST SOLAR INC|FSLR|First Solar|First Solar Inc
BR,BROADRIDGE FINANCIAL SOLUTNS INC,BR|BROADRIDGE FINANCIAL SOLUTNS|BROADRIDGE FINANCIAL SOLUTNS INC|Broadridge Financial Solutns|Broadridge Financial Solutns Inc
DAL,DELTA AIR LINES INC,DAL|DELTA AIR LINES|DELTA AIR LINES INC|Delta Air Lines|Delta Air Lines Inc
TMUS,T MOBILE U S INC,T MOBILE U S|T MOBILE U S INC|T Mobile U S|T Mobile U S Inc|TMUS
DFS,DISCOVER FINANCIAL SERVICES,DFS|DISCOVER FINANCIAL SERVICES|Discover Financial Services
TEL,T E CONNECTIVITY LTD,T E CONNECTIVITY LTD|T E Connectivity Ltd|TEL
ULTA,ULTA BEAUTY INC,ULTA|ULTA BEAUTY|ULTA BEAUTY INC|Ulta Beauty|Ulta Beauty Inc
MSCI,M S C I INC,M S C I|M S C I INC|M S C I Inc|MSCI
PM,PHILIP MORRIS INTERNATIONAL INC,PHILIP MORRIS INTERNATIONAL|PHILIP MORRIS INTERNATIONAL INC|PM|Philip Morris International|Philip Morris International Inc
V,VISA INC,V|VISA|VISA INC|Visa|Visa Inc
AWK,AMERICAN WATER WORKS CO INC,AMERICAN WATER WORKS CO|AMERICAN WATER WORKS CO INC|AWK|American Water Works Co|American Water Works Co Inc
UNH,UNITEDHEALTH GROUP INC,UNH|UNITEDHEALTH GROUP|UNITEDHEALTH GROUP INC|Unitedhealth Group|Unitedhealth Group Inc
AVGO,BROADCOM INC,AVGO|BROADCOM|BROADCOM INC|Broadcom|Broadcom Inc
VRSK,VERISK ANALYTICS INC,VERISK ANALYTICS|VERISK ANALYTICS INC|VRSK|Verisk Analytics|Verisk Analytics Inc
DG,DOLLAR GENERAL CORP NEW,DG|DOLLAR GENERAL CORP NEW|Dollar General Corp New
FTNT,FORTINET INC,FORTINET|FORTINET INC|FTNT|Fortinet|Fortinet Inc
GNRC,GENERAC HOLDINGS INC,GENERAC HOLDINGS|GENERAC HOLDINGS INC|GNRC|Generac Holdings|Generac Holdings Inc
CBOE,C B O E GLOBAL MARKETS INC,C B O E GLOBAL MARKETS|C B O E GLOBAL MARKETS INC|C B O E Global Markets|C B O E Global Markets Inc|CBOE
TSLA,TESLA INC,TESLA|TESLA INC|TSLA|Tesla|Tesla Inc
EME,Emcor,EME|Emcor
HOOD,Robinhood Markets,HOOD|Robinhood Markets
APP,AppLovin,APP|AppLovin|Applovin
IBKR,Interactive Brokers,IBKR|Interactive Brokers
SQ,"Block, Inc.","Block, Inc.|SQ"
TTD,Trade Desk (The),TTD|Trade Desk (The)
DDOG,Datadog,DDOG|Datadog
COIN,Coinbase,COIN|Coinbase
DASH,DoorDash,DASH|DoorDash|Doordash
TKO,TKO Group Holdings,TKO|TKO Group Holdings|Tko Group Holdings
WSM,"Williams-Sonoma, Inc.","WSM|Williams-Sonoma, Inc."
EXE,Expand Energy,EXE|Expand Energy
APO,Apollo Global Management,APO|Apollo Global Management
WDAY,"Workday, Inc.","WDAY|Workday, Inc."
LII,Lennox International,LII|Lennox International
TPL,Texas Pacific Land Corporation,TPL|Texas Pacific Land Corporation
PLTR,Palantir Technologies,PLTR|Palantir Technologies
DELL,Dell Technologies,DELL|Dell Technologies
ERIE,Erie Indemnity,ERIE|Erie Indemnity
KKR,KKR,KKR|Kkr
CRWD,CrowdStrike,CRWD|CrowdStrike|Crowdstrike
GDDY,GoDaddy,GDDY|GoDaddy|Godaddy
VST,Vistra,VST|Vistra
GEV,GE Vernova,GE Vernova|GEV|Ge Vernova
SOLV,Solventum,SOLV|Solventum
SMCI,Supermicro,SMCI|Supermicro
DECK,Deckers Brands,DECK|Deckers Brands
UBER,Uber,UBER|Uber
JBL,Jabil,JBL|Jabil
BLDR,Builders FirstSource,BLDR|Builders FirstSource|Builders Firstsource
HUBB,Hubbell,HUBB|Hubbell
LULU,Lululemon Athletica,LULU|Lululemon Athletica
VLTO,Veralto,VLTO|Veralto
BX,Blackstone,BX|Blackstone
ABNB,Airbnb,ABNB|Airbnb
KVUE,Kenvue,KVUE|Kenvue
PANW,Palo Alto Networks,PANW|Palo Alto Networks
AXON,Axon Enterprise,AXON|Axon Enterprise
FICO,Fair Isaac,FICO|Fair Isaac
BG,Bunge Global,BG|Bunge Global
PODD,Insulet,Insulet|PODD
GEHC,GE HealthCare,GE HealthCare|GEHC|Ge Healthcare
